ID;NAME;AGE
11;Rickie;53
12;Rhoda;30
13;Stefanie;53
14;Odessa;54
15;Chris;29
16;Garth;49
17;Alta;31
18;Richard;47
19;Cecil;53
20;Adolph;31
21;Joaquina;22
22;Clayton;30
23;Claire;23
24;Ina;50
25;Cassi;38
26;Colton;46
27;Franklyn;29
28;Mariette;29
29;Cyril;34
30;Marc;39
31;Ona;42
32;Kassandra;55
33;Erwin;27
34;Sidney;22
35;Tianna;25
36;Damien;29
37;Phuong;38
38;Kendal;48
39;Melodi;47
40;Harriette;51
41;Jorge;26
42;Genaro;48
43;Sonny;21
44;Ronald;20
45;Cordell;40
46;Cristopher;40
47;Vergie;25
48;Shenika;37
49;Clement;38
50;Shawana;40
51;Mertie;30
52;Devon;48
53;Evangelina;20
54;Lamont;55
55;Glenn;28
56;Saul;46
57;Peggy;23
58;Hilary;37
59;Chia;28
60;Herbert;31
61;Kirk;20
62;Christen;29
63;Alline;22
64;Octavia;50
65;Angel;21
66;Teena;41
67;Edgardo;43
68;Bernie;27
69;Kasey;44
70;Carmen;37
71;Daryl;18
72;Mason;35
73;Horace;32
74;Irena;37
75;Marybeth;54
76;Jacinda;34
77;Glen;34
78;Santos;32
79;Lashaun;18
80;Geralyn;41
81;Sherly;32
82;Laurence;33
83;Esta;25
84;Polly;39
85;Desmond;29
86;Ethelyn;31
87;Andrea;46
88;Brendan;53
89;Sebastian;19
90;Len;47
91;Thurman;22
92;Arthur;53
93;Cayla;45
94;Christeen;53
95;Al;43
96;Cody;54
97;Katia;37
98;Patty;41
99;Johnson;32
100;Nathanial;49
